PRAGMA foreign_keys=OFF;
BEGIN TRANSACTION;
CREATE TABLE `core_store` (`id` integer not null primary key autoincrement, `key` varchar(255) null, `value` text null, `type` varchar(255) null, `environment` varchar(255) null, `tag` varchar(255) null);
INSERT INTO core_store VALUES(1,'model_def_strapi::core-store','{"uid":"strapi::core-store","collectionName":"core_store","info":{"name":"core_store","description":""},"options":{"timestamps":false},"pluginOptions":{"content-manager":{"visible":false},"content-type-builder":{"visible":false}},"attributes":{"key":{"type":"string"},"value":{"type":"text"},"type":{"type":"string"},"environment":{"type":"string"},"tag":{"type":"string"}}}','object',NULL,NULL);
INSERT INTO core_store VALUES(2,'model_def_strapi::webhooks','{"uid":"strapi::webhooks","collectionName":"strapi_webhooks","info":{"name":"Strapi webhooks","description":""},"options":{"timestamps":false},"pluginOptions":{"content-manager":{"visible":false},"content-type-builder":{"visible":false}},"attributes":{"name":{"type":"string"},"url":{"type":"text"},"headers":{"type":"json"},"events":{"type":"json"},"enabled":{"type":"boolean"}}}','object',NULL,NULL);
INSERT INTO core_store VALUES(3,'model_def_strapi::permission','{"uid":"strapi::permission","collectionName":"strapi_permission","kind":"collectionType","info":{"name":"Permission","description":""},"options":{"timestamps":["created_at","updated_at"]},"pluginOptions":{"content-manager":{"visible":false},"content-type-builder":{"visible":false}},"attributes":{"action":{"type":"string","minLength":1,"configurable":false,"required":true},"subject":{"type":"string","minLength":1,"configurable":false,"required":false},"properties":{"type":"json","configurable":false,"required":false,"default":{}},"conditions":{"type":"json","configurable":false,"required":false,"default":[]},"role":{"configurable":false,"model":"role","plugin":"admin"}}}','object',NULL,NULL);
INSERT INTO core_store VALUES(4,'model_def_strapi::role','{"uid":"strapi::role","collectionName":"strapi_role","kind":"collectionType","info":{"name":"Role","description":""},"options":{"timestamps":["created_at","updated_at"]},"pluginOptions":{"content-manager":{"visible":false},"content-type-builder":{"visible":false}},"attributes":{"name":{"type":"string","minLength":1,"unique":true,"configurable":false,"required":true},"code":{"type":"string","minLength":1,"unique":true,"configurable":false,"required":true},"description":{"type":"string","configurable":false},"users":{"configurable":false,"collection":"user","via":"roles","plugin":"admin","attribute":"user","column":"id","isVirtual":true},"permissions":{"configurable":false,"plugin":"admin","collection":"permission","via":"role","isVirtual":true}}}','object',NULL,NULL);
INSERT INTO core_store VALUES(5,'model_def_strapi::user','{"uid":"strapi::user","collectionName":"strapi_administrator","kind":"collectionType","info":{"name":"User","description":""},"options":{"timestamps":false},"pluginOptions":{"content-manager":{"visible":false},"content-type-builder":{"visible":false}},"attributes":{"firstname":{"type":"string","unique":false,"minLength":1,"configurable":false,"required":false},"lastname":{"type":"string","unique":false,"minLength":1,"configurable":false,"required":false},"username":{"type":"string","unique":false,"configurable":false,"required":false},"email":{"type":"email","minLength":6,"configurable":false,"required":true,"unique":true,"private":true},"password":{"type":"password","minLength":6,"configurable":false,"required":false,"private":true},"resetPasswordToken":{"type":"string","configurable":false,"private":true},"registrationToken":{"type":"string","configurable":false,"private":true},"isActive":{"type":"boolean","default":false,"configurable":false,"private":true},"roles":{"collection":"role","collectionName":"strapi_users_roles","via":"users","dominant":true,"plugin":"admin","configurable":false,"private":true,"attribute":"role","column":"id","isVirtual":true},"blocked":{"type":"boolean","default":false,"configurable":false,"private":true},"preferedLanguage":{"type":"string","configurable":false,"required":false}}}','object',NULL,NULL);
INSERT INTO core_store VALUES(6,'model_def_plugins::users-permissions.permission','{"uid":"plugins::users-permissions.permission","collectionName":"users-permissions_permission","kind":"collectionType","info":{"name":"permission","description":""},"options":{"timestamps":false},"pluginOptions":{"content-manager":{"visible":false}},"attributes":{"type":{"type":"string","required":true,"configurable":false},"controller":{"type":"string","required":true,"configurable":false},"action":{"type":"string","required":true,"configurable":false},"enabled":{"type":"boolean","required":true,"configurable":false},"policy":{"type":"string","configurable":false},"role":{"model":"role","via":"permissions","plugin":"users-permissions","configurable":false},"created_by":{"model":"user","plugin":"admin","configurable":false,"writable":false,"visible":false,"private":true},"updated_by":{"model":"user","plugin":"admin","configurable":false,"writable":false,"visible":false,"private":true}}}','object',NULL,NULL);
INSERT INTO core_store VALUES(7,'model_def_plugins::users-permissions.role','{"uid":"plugins::users-permissions.role","collectionName":"users-permissions_role","kind":"collectionType","info":{"name":"role","description":""},"options":{"timestamps":false},"pluginOptions":{"content-manager":{"visible":false}},"attributes":{"name":{"type":"string","minLength":3,"required":true,"configurable":false},"description":{"type":"string","configurable":false},"type":{"type":"string","unique":true,"configurable":false},"permissions":{"collection":"permission","via":"role","plugin":"users-permissions","configurable":false,"isVirtual":true},"users":{"collection":"user","via":"role","configurable":false,"plugin":"users-permissions","isVirtual":true},"created_by":{"model":"user","plugin":"admin","configurable":false,"writable":false,"visible":false,"private":true},"updated_by":{"model":"user","plugin":"admin","configurable":false,"writable":false,"visible":false,"private":true}}}','object',NULL,NULL);
INSERT INTO core_store VALUES(8,'model_def_plugins::users-permissions.user','{"uid":"plugins::users-permissions.user","collectionName":"users-permissions_user","kind":"collectionType","info":{"name":"user","description":""},"options":{"draftAndPublish":false,"timestamps":["created_at","updated_at"]},"attributes":{"username":{"type":"string","minLength":3,"unique":true,"configurable":false,"required":true},"email":{"type":"email","minLength":6,"configurable":false,"required":true},"provider":{"type":"string","configurable":false},"password":{"type":"password","minLength":6,"configurable":false,"private":true},"resetPasswordToken":{"type":"string","configurable":false,"private":true},"confirmationToken":{"type":"string","configurable":false,"private":true},"confirmed":{"type":"boolean","default":false,"configurable":false},"blocked":{"type":"boolean","default":false,"configurable":false},"role":{"model":"role","via":"users","plugin":"users-permissions","configurable":false},"created_by":{"model":"user","plugin":"admin","configurable":false,"writable":false,"visible":false,"private":true},"updated_by":{"model":"user","plugin":"admin","configurable":false,"writable":false,"visible":false,"private":true}}}','object',NULL,NULL);
INSERT INTO core_store VALUES(9,'model_def_plugins::upload.file','{"uid":"plugins::upload.file","collectionName":"upload_file","kind":"collectionType","info":{"name":"file","description":""},"options":{"timestamps":["created_at","updated_at"]},"pluginOptions":{"content-manager":{"visible":false},"content-type-builder":{"visible":false}},"attributes":{"name":{"type":"string","configurable":false,"required":true},"alternativeText":{"type":"string","configurable":false},"caption":{"type":"string","configurable":false},"width":{"type":"integer","configurable":false},"height":{"type":"integer","configurable":false},"formats":{"type":"json","configurable":false},"hash":{"type":"string","configurable":false,"required":true},"ext":{"type":"string","configurable":false},"mime":{"type":"string","configurable":false,"required":true},"size":{"type":"decimal","configurable":false,"required":true},"url":{"type":"string","configurable":false,"required":true},"previewUrl":{"type":"string","configurable":false},"provider":{"type":"string","configurable":false,"required":true},"provider_metadata":{"type":"json","configurable":false},"related":{"collection":"*","filter":"field","configurable":false},"created_by":{"model":"user","plugin":"admin","configurable":false,"writable":false,"visible":false,"private":true},"updated_by":{"model":"user","plugin":"admin","configurable":false,"writable":false,"visible":false,"private":true}}}','object',NULL,NULL);
INSERT INTO core_store VALUES(10,'model_def_plugins::i18n.locale','{"uid":"plugins::i18n.locale","collectionName":"i18n_locales","kind":"collectionType","info":{"name":"locale","description":""},"options":{"timestamps":["created_at","updated_at"]},"pluginOptions":{"content-manager":{"visible":false},"content-type-builder":{"visible":false}},"attributes":{"name":{"type":"string","min":1,"max":50,"configurable":false},"code":{"type":"string","unique":true,"configurable":false},"created_by":{"model":"user","plugin":"admin","configurable":false,"writable":false,"visible":false,"private":true},"updated_by":{"model":"user","plugin":"admin","configurable":false,"writable":false,"visible":false,"private":true}}}','object',NULL,NULL);
INSERT INTO core_store VALUES(11,'plugin_users-permissions_grant','{"email":{"enabled":true,"icon":"envelope"},"discord":{"enabled":false,"icon":"discord","key":"","secret":"","callback":"/auth/discord/callback","scope":["identify","email"]},"facebook":{"enabled":false,"icon":"facebook-square","key":"","secret":"","callback":"/auth/facebook/callback","scope":["email"]},"google":{"enabled":false,"icon":"google","key":"","secret":"","callback":"/auth/google/callback","scope":["email"]},"github":{"enabled":false,"icon":"github","key":"","secret":"","callback":"/auth/github/callback","scope":["user","user:email"]},"microsoft":{"enabled":false,"icon":"windows","key":"","secret":"","callback":"/auth/microsoft/callback","scope":["user.read"]},"twitter":{"enabled":false,"icon":"twitter","key":"","secret":"","callback":"/auth/twitter/callback"},"instagram":{"enabled":false,"icon":"instagram","key":"","secret":"","callback":"/auth/instagram/callback","scope":["user_profile"]},"vk":{"enabled":false,"icon":"vk","key":"","secret":"","callback":"/auth/vk/callback","scope":["email"]},"twitch":{"enabled":false,"icon":"twitch","key":"","secret":"","callback":"/auth/twitch/callback","scope":["user:read:email"]},"linkedin":{"enabled":false,"icon":"linkedin","key":"","secret":"","callback":"/auth/linkedin/callback","scope":["r_liteprofile","r_emailaddress"]},"cognito":{"enabled":false,"icon":"aws","key":"","secret":"","subdomain":"my.subdomain.com","callback":"/auth/cognito/callback","scope":["email","openid","profile"]},"reddit":{"enabled":false,"icon":"reddit","key":"","secret":"","state":true,"callback":"/auth/reddit/callback","scope":["identity"]},"auth0":{"enabled":false,"icon":"","key":"","secret":"","subdomain":"my-tenant.eu","callback":"/auth/auth0/callback","scope":["openid","email","profile"]},"cas":{"enabled":false,"icon":"book","key":"","secret":"","callback":"/auth/cas/callback","scope":["openid email"],"subdomain":"my.subdomain.com/cas"}}','object','','');
INSERT INTO core_store VALUES(12,'plugin_upload_settings','{"sizeOptimization":true,"responsiveDimensions":true}','object','development','');
INSERT INTO core_store VALUES(13,'plugin_i18n_default_locale','"en"','string','','');
INSERT INTO core_store VALUES(14,'plugin_content_manager_configuration_content_types::strapi::permission','{"uid":"strapi::permission","settings":{"bulkable":true,"filterable":true,"searchable":true,"pageSize":10,"mainField":"action","defaultSortBy":"action","defaultSortOrder":"ASC"},"metadatas":{"id":{"edit":{},"list":{"label":"Id","searchable":true,"sortable":true}},"action":{"edit":{"label":"Action","description":"","placeholder":"","visible":true,"editable":true},"list":{"label":"Action","searchable":true,"sortable":true}},"subject":{"edit":{"label":"Subject","description":"","placeholder":"","visible":true,"editable":true},"list":{"label":"Subject","searchable":true,"sortable":true}},"properties":{"edit":{"label":"Properties","description":"","placeholder":"","visible":true,"editable":true},"list":{"label":"Properties","searchable":false,"sortable":false}},"conditions":{"edit":{"label":"Conditions","description":"","placeholder":"","visible":true,"editable":true},"list":{"label":"Conditions","searchable":false,"sortable":false}},"role":{"edit":{"label":"Role","description":"","placeholder":"","visible":true,"editable":true,"mainField":"name"},"list":{"label":"Role","searchable":true,"sortable":true}},"created_at":{"edit":{"label":"Created_at","description":"","placeholder":"","visible":false,"editable":true},"list":{"label":"Created_at","searchable":true,"sortable":true}},"updated_at":{"edit":{"label":"Updated_at","description":"","placeholder":"","visible":false,"editable":true},"list":{"label":"Updated_at","searchable":true,"sortable":true}}},"layouts":{"list":["id","action","subject","role"],"editRelations":["role"],"edit":[[{"name":"action","size":6},{"name":"subject","size":6}],[{"name":"properties","size":12}],[{"name":"conditions","size":12}]]}}','object','','');
INSERT INTO core_store VALUES(15,'plugin_content_manager_configuration_content_types::strapi::role','{"uid":"strapi::role","settings":{"bulkable":true,"filterable":true,"searchable":true,"pageSize":10,"mainField":"name","defaultSortBy":"name","defaultSortOrder":"ASC"},"metadatas":{"id":{"edit":{},"list":{"label":"Id","searchable":true,"sortable":true}},"name":{"edit":{"label":"Name","description":"","placeholder":"","visible":true,"editable":true},"list":{"label":"Name","searchable":true,"sortable":true}},"code":{"edit":{"label":"Code","description":"","placeholder":"","visible":true,"editable":true},"list":{"label":"Code","searchable":true,"sortable":true}},"description":{"edit":{"label":"Description","description":"","placeholder":"","visible":true,"editable":true},"list":{"label":"Description","searchable":true,"sortable":true}},"users":{"edit":{"label":"Users","description":"","placeholder":"","visible":true,"editable":true,"mainField":"firstname"},"list":{"label":"Users","searchable":false,"sortable":false}},"permissions":{"edit":{"label":"Permissions","description":"","placeholder":"","visible":true,"editable":true,"mainField":"action"},"list":{"label":"Permissions","searchable":false,"sortable":false}},"created_at":{"edit":{"label":"Created_at","description":"","placeholder":"","visible":false,"editable":true},"list":{"label":"Created_at","searchable":true,"sortable":true}},"updated_at":{"edit":{"label":"Updated_at","description":"","placeholder":"","visible":false,"editable":true},"list":{"label":"Updated_at","searchable":true,"sortable":true}}},"layouts":{"list":["id","name","code","description"],"editRelations":["users","permissions"],"edit":[[{"name":"name","size":6},{"name":"code","size":6}],[{"name":"description","size":6}]]}}','object','','');
INSERT INTO core_store VALUES(16,'plugin_content_manager_configuration_content_types::strapi::user','{"uid":"strapi::user","settings":{"bulkable":true,"filterable":true,"searchable":true,"pageSize":10,"mainField":"firstname","defaultSortBy":"firstname","defaultSortOrder":"ASC"},"metadatas":{"id":{"edit":{},"list":{"label":"Id","searchable":true,"sortable":true}},"firstname":{"edit":{"label":"Firstname","description":"","placeholder":"","visible":true,"editable":true},"list":{"label":"Firstname","searchable":true,"sortable":true}},"lastname":{"edit":{"label":"Lastname","description":"","placeholder":"","visible":true,"editable":true},"list":{"label":"Lastname","searchable":true,"sortable":true}},"username":{"edit":{"label":"Username","description":"","placeholder":"","visible":true,"editable":true},"list":{"label":"Username","searchable":true,"sortable":true}},"email":{"edit":{"label":"Email","description":"","placeholder":"","visible":true,"editable":true},"list":{"label":"Email","searchable":true,"sortable":true}},"password":{"edit":{"label":"Password","description":"","placeholder":"","visible":true,"editable":true},"list":{"label":"Password","searchable":true,"sortable":true}},"resetPasswordToken":{"edit":{"label":"ResetPasswordToken","description":"","placeholder":"","visible":true,"editable":true},"list":{"label":"ResetPasswordToken","searchable":true,"sortable":true}},"registrationToken":{"edit":{"label":"RegistrationToken","description":"","placeholder":"","visible":true,"editable":true},"list":{"label":"RegistrationToken","searchable":true,"sortable":true}},"isActive":{"edit":{"label":"IsActive","description":"","placeholder":"","visible":true,"editable":true},"list":{"label":"IsActive","searchable":true,"sortable":true}},"roles":{"edit":{"label":"Roles","description":"","placeholder":"","visible":true,"editable":true,"mainField":"name"},"list":{"label":"Roles","searchable":false,"sortable":false}},"blocked":{"edit":{"label":"Blocked","description":"","placeholder":"","visible":true,"editable":true},"list":{"label":"Blocked","searchable":true,"sortable":true}},"preferedLanguage":{"edit":{"label":"PreferedLanguage","description":"","placeholder":"","visible":true,"editable":true},"list":{"label":"PreferedLanguage","searchable":true,"sortable":true}}},"layouts":{"list":["id","firstname","lastname","username"],"editRelations":["roles"],"edit":[[{"name":"firstname","size":6},{"name":"lastname","size":6}],[{"name":"username","size":6},{"name":"email","size":6}],[{"name":"password","size":6},{"name":"resetPasswordToken","size":6}],[{"name":"registrationToken","size":6},{"name":"isActive","size":4}],[{"name":"blocked","size":4},{"name":"preferedLanguage","size":6}]]}}','object','','');
INSERT INTO core_store VALUES(17,'plugin_content_manager_configuration_content_types::plugins::users-permissions.permission','{"uid":"plugins::users-permissions.permission","settings":{"bulkable":true,"filterable":true,"searchable":true,"pageSize":10,"mainField":"type","defaultSortBy":"type","defaultSortOrder":"ASC"},"metadatas":{"id":{"edit":{},"list":{"label":"Id","searchable":true,"sortable":true}},"type":{"edit":{"label":"Type","description":"","placeholder":"","visible":true,"editable":true},"list":{"label":"Type","searchable":true,"sortable":true}},"controller":{"edit":{"label":"Controller","description":"","placeholder":"","visible":true,"editable":true},"list":{"label":"Controller","searchable":true,"sortable":true}},"action":{"edit":{"label":"Action","description":"","placeholder":"","visible":true,"editable":true},"list":{"label":"Action","searchable":true,"sortable":true}},"enabled":{"edit":{"label":"Enabled","description":"","placeholder":"","visible":true,"editable":true},"list":{"label":"Enabled","searchable":true,"sortable":true}},"policy":{"edit":{"label":"Policy","description":"","placeholder":"","visible":true,"editable":true},"list":{"label":"Policy","searchable":true,"sortable":true}},"role":{"edit":{"label":"Role","description":"","placeholder":"","visible":true,"editable":true,"mainField":"name"},"list":{"label":"Role","searchable":true,"sortable":true}}},"layouts":{"list":["id","type","controller","action"],"editRelations":["role"],"edit":[[{"name":"type","size":6},{"name":"controller","size":6}],[{"name":"action","size":6},{"name":"enabled","size":4}],[{"name":"policy","size":6}]]}}','object','','');
INSERT INTO core_store VALUES(18,'plugin_content_manager_configuration_content_types::plugins::users-permissions.role','{"uid":"plugins::users-permissions.role","settings":{"bulkable":true,"filterable":true,"searchable":true,"pageSize":10,"mainField":"name","defaultSortBy":"name","defaultSortOrder":"ASC"},"metadatas":{"id":{"edit":{},"list":{"label":"Id","searchable":true,"sortable":true}},"name":{"edit":{"label":"Name","description":"","placeholder":"","visible":true,"editable":true},"list":{"label":"Name","searchable":true,"sortable":true}},"description":{"edit":{"label":"Description","description":"","placeholder":"","visible":true,"editable":true},"list":{"label":"Description","searchable":true,"sortable":true}},"type":{"edit":{"label":"Type","description":"","placeholder":"","visible":true,"editable":true},"list":{"label":"Type","searchable":true,"sortable":true}},"permissions":{"edit":{"label":"Permissions","description":"","placeholder":"","visible":true,"editable":true,"mainField":"type"},"list":{"label":"Permissions","searchable":false,"sortable":false}},"users":{"edit":{"label":"Users","description":"","placeholder":"","visible":true,"editable":true,"mainField":"username"},"list":{"label":"Users","searchable":false,"sortable":false}}},"layouts":{"list":["id","name","description","type"],"editRelations":["permissions","users"],"edit":[[{"name":"name","size":6},{"name":"description","size":6}],[{"name":"type","size":6}]]}}','object','','');
INSERT INTO core_store VALUES(19,'plugin_content_manager_configuration_content_types::plugins::users-permissions.user','{"uid":"plugins::users-permissions.user","settings":{"bulkable":true,"filterable":true,"searchable":true,"pageSize":10,"mainField":"username","defaultSortBy":"username","defaultSortOrder":"ASC"},"metadatas":{"id":{"edit":{},"list":{"label":"Id","searchable":true,"sortable":true}},"username":{"edit":{"label":"Username","description":"","placeholder":"","visible":true,"editable":true},"list":{"label":"Username","searchable":true,"sortable":true}},"email":{"edit":{"label":"Email","description":"","placeholder":"","visible":true,"editable":true},"list":{"label":"Email","searchable":true,"sortable":true}},"provider":{"edit":{"label":"Provider","description":"","placeholder":"","visible":false,"editable":true},"list":{"label":"Provider","searchable":true,"sortable":true}},"password":{"edit":{"label":"Password","description":"","placeholder":"","visible":true,"editable":true},"list":{"label":"Password","searchable":true,"sortable":true}},"resetPasswordToken":{"edit":{"label":"ResetPasswordToken","description":"","placeholder":"","visible":false,"editable":true},"list":{"label":"ResetPasswordToken","searchable":true,"sortable":true}},"confirmationToken":{"edit":{"label":"ConfirmationToken","description":"","placeholder":"","visible":false,"editable":true},"list":{"label":"ConfirmationToken","searchable":true,"sortable":true}},"confirmed":{"edit":{"label":"Confirmed","description":"","placeholder":"","visible":true,"editable":true},"list":{"label":"Confirmed","searchable":true,"sortable":true}},"blocked":{"edit":{"label":"Blocked","description":"","placeholder":"","visible":true,"editable":true},"list":{"label":"Blocked","searchable":true,"sortable":true}},"role":{"edit":{"label":"Role","description":"","placeholder":"","visible":true,"editable":true,"mainField":"name"},"list":{"label":"Role","searchable":true,"sortable":true}},"created_at":{"edit":{"label":"Created_at","description":"","placeholder":"","visible":false,"editable":true},"list":{"label":"Created_at","searchable":true,"sortable":true}},"updated_at":{"edit":{"label":"Updated_at","description":"","placeholder":"","visible":false,"editable":true},"list":{"label":"Updated_at","searchable":true,"sortable":true}}},"layouts":{"list":["id","username","email","confirmed"],"editRelations":["role"],"edit":[[{"name":"username","size":6},{"name":"email","size":6}],[{"name":"password","size":6},{"name":"confirmed","size":4}],[{"name":"blocked","size":4}]]}}','object','','');
INSERT INTO core_store VALUES(20,'plugin_content_manager_configuration_content_types::plugins::upload.file','{"uid":"plugins::upload.file","settings":{"bulkable":true,"filterable":true,"searchable":true,"pageSize":10,"mainField":"name","defaultSortBy":"name","defaultSortOrder":"ASC"},"metadatas":{"id":{"edit":{},"list":{"label":"Id","searchable":true,"sortable":true}},"name":{"edit":{"label":"Name","description":"","placeholder":"","visible":true,"editable":true},"list":{"label":"Name","searchable":true,"sortable":true}},"alternativeText":{"edit":{"label":"AlternativeText","description":"","placeholder":"","visible":true,"editable":true},"list":{"label":"AlternativeText","searchable":true,"sortable":true}},"caption":{"edit":{"label":"Caption","description":"","placeholder":"","visible":true,"editable":true},"list":{"label":"Caption","searchable":true,"sortable":true}},"width":{"edit":{"label":"Width","description":"","placeholder":"","visible":true,"editable":true},"list":{"label":"Width","searchable":true,"sortable":true}},"height":{"edit":{"label":"Height","description":"","placeholder":"","visible":true,"editable":true},"list":{"label":"Height","searchable":true,"sortable":true}},"formats":{"edit":{"label":"Formats","description":"","placeholder":"","visible":true,"editable":true},"list":{"label":"Formats","searchable":false,"sortable":false}},"hash":{"edit":{"label":"Hash","description":"","placeholder":"","visible":true,"editable":true},"list":{"label":"Hash","searchable":true,"sortable":true}},"ext":{"edit":{"label":"Ext","description":"","placeholder":"","visible":true,"editable":true},"list":{"label":"Ext","searchable":true,"sortable":true}},"mime":{"edit":{"label":"Mime","description":"","placeholder":"","visible":true,"editable":true},"list":{"label":"Mime","searchable":true,"sortable":true}},"size":{"edit":{"label":"Size","description":"","placeholder":"","visible":true,"editable":true},"list":{"label":"Size","searchable":true,"sortable":true}},"url":{"edit":{"label":"Url","description":"","placeholder":"","visible":true,"editable":true},"list":{"label":"Url","searchable":true,"sortable":true}},"previewUrl":{"edit":{"label":"PreviewUrl","description":"","placeholder":"","visible":true,"editable":true},"list":{"label":"PreviewUrl","searchable":true,"sortable":true}},"provider":{"edit":{"label":"Provider","description":"","placeholder":"","visible":true,"editable":true},"list":{"label":"Provider","searchable":true,"sortable":true}},"provider_metadata":{"edit":{"label":"Provider_metadata","description":"","placeholder":"","visible":true,"editable":true},"list":{"label":"Provider_metadata","searchable":false,"sortable":false}},"related":{"edit":{"label":"Related","description":"","placeholder":"","visible":true,"editable":true},"list":{"label":"Related","searchable":false,"sortable":false}},"created_at":{"edit":{"label":"Created_at","description":"","placeholder":"","visible":false,"editable":true},"list":{"label":"Created_at","searchable":true,"sortable":true}},"updated_at":{"edit":{"label":"Updated_at","description":"","placeholder":"","visible":false,"editable":true},"list":{"label":"Updated_at","searchable":true,"sortable":true}}},"layouts":{"list":["id","name","alternativeText","caption"],"editRelations":["related"],"edit":[[{"name":"name","size":6},{"name":"alternativeText","size":6}],[{"name":"caption","size":6},{"name":"width","size":4}],[{"name":"height","size":4}],[{"name":"formats","size":12}],[{"name":"hash","size":6},{"name":"ext","size":6}],[{"name":"mime","size":6},{"name":"size","size":4}],[{"name":"url","size":6},{"name":"previewUrl","size":6}],[{"name":"provider","size":6}],[{"name":"provider_metadata","size":12}]]}}','object','','');
INSERT INTO core_store VALUES(21,'plugin_content_manager_configuration_content_types::plugins::i18n.locale','{"uid":"plugins::i18n.locale","settings":{"bulkable":true,"filterable":true,"searchable":true,"pageSize":10,"mainField":"name","defaultSortBy":"name","defaultSortOrder":"ASC"},"metadatas":{"id":{"edit":{},"list":{"label":"Id","searchable":true,"sortable":true}},"name":{"edit":{"label":"Name","description":"","placeholder":"","visible":true,"editable":true},"list":{"label":"Name","searchable":true,"sortable":true}},"code":{"edit":{"label":"Code","description":"","placeholder":"","visible":true,"editable":true},"list":{"label":"Code","searchable":true,"sortable":true}},"created_at":{"edit":{"label":"Created_at","description":"","placeholder":"","visible":false,"editable":true},"list":{"label":"Created_at","searchable":true,"sortable":true}},"updated_at":{"edit":{"label":"Updated_at","description":"","placeholder":"","visible":false,"editable":true},"list":{"label":"Updated_at","searchable":true,"sortable":true}}},"layouts":{"list":["id","name","code","created_at"],"editRelations":[],"edit":[[{"name":"name","size":6},{"name":"code","size":6}]]}}','object','','');
INSERT INTO core_store VALUES(22,'plugin_users-permissions_email','{"reset_password":{"display":"Email.template.reset_password","icon":"sync","options":{"from":{"name":"Administration Panel","email":"no-reply@strapi.io"},"response_email":"","object":"Reset password","message":"<p>We heard that you lost your password. Sorry about that!</p>\n\n<p>But don’t worry! You can use the following link to reset your password:</p>\n<p><%= URL %>?code=<%= TOKEN %></p>\n\n<p>Thanks.</p>"}},"email_confirmation":{"display":"Email.template.email_confirmation","icon":"check-square","options":{"from":{"name":"Administration Panel","email":"no-reply@strapi.io"},"response_email":"","object":"Account confirmation","message":"<p>Thank you for registering!</p>\n\n<p>You have to confirm your email address. Please click on the link below.</p>\n\n<p><%= URL %>?confirmation=<%= CODE %></p>\n\n<p>Thanks.</p>"}}}','object','','');
INSERT INTO core_store VALUES(23,'plugin_users-permissions_advanced','{"unique_email":true,"allow_register":true,"email_confirmation":false,"email_reset_password":null,"email_confirmation_redirection":null,"default_role":"authenticated"}','object','','');
INSERT INTO core_store VALUES(24,'core_admin_auth','{"providers":{"autoRegister":false,"defaultRole":null}}','object','','');
INSERT INTO core_store VALUES(25,'model_def_application::notes.notes','{"uid":"application::notes.notes","collectionName":"notes","kind":"collectionType","info":{"name":"Notes","description":""},"options":{"increments":true,"timestamps":["created_at","updated_at"],"draftAndPublish":true},"pluginOptions":{},"attributes":{"Title":{"type":"string","required":true},"Content":{"type":"string","required":true},"Date":{"type":"time","required":false},"published_at":{"type":"datetime","configurable":false,"writable":true,"visible":false},"created_by":{"model":"user","plugin":"admin","configurable":false,"writable":false,"visible":false,"private":true},"updated_by":{"model":"user","plugin":"admin","configurable":false,"writable":false,"visible":false,"private":true}}}','object',NULL,NULL);
INSERT INTO core_store VALUES(26,'plugin_content_manager_configuration_content_types::application::notes.notes','{"uid":"application::notes.notes","settings":{"bulkable":true,"filterable":true,"searchable":true,"pageSize":10,"mainField":"Title","defaultSortBy":"Title","defaultSortOrder":"ASC"},"metadatas":{"id":{"edit":{},"list":{"label":"Id","searchable":true,"sortable":true}},"Title":{"edit":{"label":"Title","description":"","placeholder":"","visible":true,"editable":true},"list":{"label":"Title","searchable":true,"sortable":true}},"Content":{"edit":{"label":"Content","description":"","placeholder":"","visible":true,"editable":true},"list":{"label":"Content","searchable":true,"sortable":true}},"Date":{"edit":{"label":"Date","description":"","placeholder":"","visible":true,"editable":true},"list":{"label":"Date","searchable":true,"sortable":true}},"created_at":{"edit":{"label":"Created_at","description":"","placeholder":"","visible":false,"editable":true},"list":{"label":"Created_at","searchable":true,"sortable":true}},"updated_at":{"edit":{"label":"Updated_at","description":"","placeholder":"","visible":false,"editable":true},"list":{"label":"Updated_at","searchable":true,"sortable":true}}},"layouts":{"list":["id","Title","Content","Date"],"editRelations":[],"edit":[[{"name":"Title","size":6},{"name":"Content","size":6}],[{"name":"Date","size":4}]]}}','object','','');
CREATE TABLE `strapi_webhooks` (`id` integer not null primary key autoincrement, `name` varchar(255) null, `url` text null, `headers` text null, `events` text null, `enabled` boolean null);
CREATE TABLE `strapi_permission` (`id` integer not null primary key autoincrement, `action` varchar(255) not null, `subject` varchar(255) null, `properties` text null, `conditions` text null, `role` integer null, `created_at` datetime null default CURRENT_TIMESTAMP, `updated_at` datetime null default CURRENT_TIMESTAMP);
INSERT INTO strapi_permission VALUES(1,'plugins::upload.read',NULL,'{}','[]',2,1630576967705,1630576967712);
INSERT INTO strapi_permission VALUES(2,'plugins::upload.assets.create',NULL,'{}','[]',2,1630576967720,1630576967722);
INSERT INTO strapi_permission VALUES(3,'plugins::upload.assets.update',NULL,'{}','[]',2,1630576967729,1630576967732);
INSERT INTO strapi_permission VALUES(4,'plugins::upload.assets.download',NULL,'{}','[]',2,1630576967735,1630576967736);
INSERT INTO strapi_permission VALUES(5,'plugins::upload.assets.copy-link',NULL,'{}','[]',2,1630576967740,1630576967742);
INSERT INTO strapi_permission VALUES(6,'plugins::upload.read',NULL,'{}','["admin::is-creator"]',3,1630576967748,1630576967750);
INSERT INTO strapi_permission VALUES(7,'plugins::upload.assets.create',NULL,'{}','[]',3,1630576967753,1630576967754);
INSERT INTO strapi_permission VALUES(8,'plugins::upload.assets.update',NULL,'{}','["admin::is-creator"]',3,1630576967757,1630576967759);
INSERT INTO strapi_permission VALUES(9,'plugins::upload.assets.download',NULL,'{}','[]',3,1630576967763,1630576967765);
INSERT INTO strapi_permission VALUES(10,'plugins::upload.assets.copy-link',NULL,'{}','[]',3,1630576967772,1630576967774);
INSERT INTO strapi_permission VALUES(11,'plugins::content-manager.explorer.create','plugins::users-permissions.user','{"fields":["username","email","provider","password","resetPasswordToken","confirmationToken","confirmed","blocked","role"]}','[]',1,1630576967799,1630576967802);
INSERT INTO strapi_permission VALUES(12,'plugins::content-manager.explorer.read','plugins::users-permissions.user','{"fields":["username","email","provider","password","resetPasswordToken","confirmationToken","confirmed","blocked","role"]}','[]',1,1630576967809,1630576967811);
INSERT INTO strapi_permission VALUES(13,'plugins::content-manager.explorer.update','plugins::users-permissions.user','{"fields":["username","email","provider","password","resetPasswordToken","confirmationToken","confirmed","blocked","role"]}','[]',1,1630576967814,1630576967816);
INSERT INTO strapi_permission VALUES(15,'plugins::content-type-builder.read',NULL,'{}','[]',1,1630576967824,1630576967826);
INSERT INTO strapi_permission VALUES(16,'plugins::email.settings.read',NULL,'{}','[]',1,1630576967830,1630576967832);
INSERT INTO strapi_permission VALUES(17,'plugins::upload.read',NULL,'{}','[]',1,1630576967845,1630576967847);
INSERT INTO strapi_permission VALUES(18,'plugins::upload.assets.create',NULL,'{}','[]',1,1630576967850,1630576967852);
INSERT INTO strapi_permission VALUES(19,'plugins::upload.assets.update',NULL,'{}','[]',1,1630576967855,1630576967857);
INSERT INTO strapi_permission VALUES(20,'plugins::upload.assets.download',NULL,'{}','[]',1,1630576967865,1630576967868);
INSERT INTO strapi_permission VALUES(21,'plugins::upload.assets.copy-link',NULL,'{}','[]',1,1630576967872,1630576967879);
INSERT INTO strapi_permission VALUES(22,'plugins::upload.settings.read',NULL,'{}','[]',1,1630576967882,1630576967884);
INSERT INTO strapi_permission VALUES(23,'plugins::i18n.locale.create',NULL,'{}','[]',1,1630576967887,1630576967889);
INSERT INTO strapi_permission VALUES(24,'plugins::i18n.locale.read',NULL,'{}','[]',1,1630576967893,1630576967896);
INSERT INTO strapi_permission VALUES(25,'plugins::i18n.locale.update',NULL,'{}','[]',1,1630576967899,1630576967901);
INSERT INTO strapi_permission VALUES(26,'plugins::i18n.locale.delete',NULL,'{}','[]',1,1630576967904,1630576967906);
INSERT INTO strapi_permission VALUES(27,'plugins::content-manager.single-types.configure-view',NULL,'{}','[]',1,1630576967909,1630576967910);
INSERT INTO strapi_permission VALUES(28,'plugins::content-manager.collection-types.configure-view',NULL,'{}','[]',1,1630576967914,1630576967916);
INSERT INTO strapi_permission VALUES(29,'plugins::content-manager.components.configure-layout',NULL,'{}','[]',1,1630576967920,1630576967922);
INSERT INTO strapi_permission VALUES(30,'plugins::users-permissions.roles.create',NULL,'{}','[]',1,1630576967934,1630576967936);
INSERT INTO strapi_permission VALUES(31,'plugins::users-permissions.roles.read',NULL,'{}','[]',1,1630576967939,1630576967943);
INSERT INTO strapi_permission VALUES(32,'plugins::users-permissions.roles.update',NULL,'{}','[]',1,1630576967953,1630576967960);
INSERT INTO strapi_permission VALUES(33,'plugins::users-permissions.roles.delete',NULL,'{}','[]',1,1630576967964,1630576967966);
INSERT INTO strapi_permission VALUES(34,'plugins::users-permissions.providers.read',NULL,'{}','[]',1,1630576967970,1630576967987);
INSERT INTO strapi_permission VALUES(35,'plugins::users-permissions.providers.update',NULL,'{}','[]',1,1630576967997,1630576967999);
INSERT INTO strapi_permission VALUES(36,'plugins::users-permissions.email-templates.read',NULL,'{}','[]',1,1630576968003,1630576968005);
INSERT INTO strapi_permission VALUES(37,'plugins::users-permissions.email-templates.update',NULL,'{}','[]',1,1630576968009,1630576968011);
INSERT INTO strapi_permission VALUES(38,'plugins::users-permissions.advanced-settings.read',NULL,'{}','[]',1,1630576968015,1630576968017);
INSERT INTO strapi_permission VALUES(39,'plugins::users-permissions.advanced-settings.update',NULL,'{}','[]',1,1630576968020,1630576968022);
INSERT INTO strapi_permission VALUES(40,'admin::marketplace.read',NULL,'{}','[]',1,1630576968025,1630576968026);
INSERT INTO strapi_permission VALUES(41,'admin::marketplace.plugins.install',NULL,'{}','[]',1,1630576968030,1630576968032);
INSERT INTO strapi_permission VALUES(42,'admin::marketplace.plugins.uninstall',NULL,'{}','[]',1,1630576968035,1630576968037);
INSERT INTO strapi_permission VALUES(43,'admin::webhooks.create',NULL,'{}','[]',1,1630576968041,1630576968043);
INSERT INTO strapi_permission VALUES(44,'admin::webhooks.read',NULL,'{}','[]',1,1630576968047,1630576968050);
INSERT INTO strapi_permission VALUES(45,'admin::webhooks.update',NULL,'{}','[]',1,1630576968054,1630576968056);
INSERT INTO strapi_permission VALUES(46,'admin::webhooks.delete',NULL,'{}','[]',1,1630576968060,1630576968062);
INSERT INTO strapi_permission VALUES(47,'admin::users.create',NULL,'{}','[]',1,1630576968070,1630576968079);
INSERT INTO strapi_permission VALUES(48,'admin::users.read',NULL,'{}','[]',1,1630576968083,1630576968084);
INSERT INTO strapi_permission VALUES(49,'admin::users.update',NULL,'{}','[]',1,1630576968087,1630576968089);
INSERT INTO strapi_permission VALUES(50,'admin::users.delete',NULL,'{}','[]',1,1630576968094,1630576968097);
INSERT INTO strapi_permission VALUES(51,'admin::roles.create',NULL,'{}','[]',1,1630576968101,1630576968108);
INSERT INTO strapi_permission VALUES(52,'admin::roles.read',NULL,'{}','[]',1,1630576968118,1630576968121);
INSERT INTO strapi_permission VALUES(53,'admin::roles.update',NULL,'{}','[]',1,1630576968125,1630576968126);
INSERT INTO strapi_permission VALUES(54,'admin::roles.delete',NULL,'{}','[]',1,1630576968130,1630576968132);
INSERT INTO strapi_permission VALUES(55,'plugins::content-manager.explorer.create','application::notes.notes','{"fields":["Title","Content","Date"]}','[]',1,1630577577105,1630577577108);
INSERT INTO strapi_permission VALUES(56,'plugins::content-manager.explorer.read','application::notes.notes','{"fields":["Title","Content","Date"]}','[]',1,1630577577112,1630577577114);
INSERT INTO strapi_permission VALUES(57,'plugins::content-manager.explorer.update','application::notes.notes','{"fields":["Title","Content","Date"]}','[]',1,1630577577117,1630577577119);
INSERT INTO strapi_permission VALUES(169,'plugins::content-manager.explorer.delete','application::notes.notes','{}','[]',1,1630677315445,1630677315449);
INSERT INTO strapi_permission VALUES(170,'plugins::content-manager.explorer.delete','plugins::users-permissions.user','{}','[]',1,1630677315452,1630677315454);
INSERT INTO strapi_permission VALUES(171,'plugins::content-manager.explorer.publish','application::notes.notes','{}','[]',1,1630677315457,1630677315459);
CREATE TABLE `strapi_role` (`id` integer not null primary key autoincrement, `name` varchar(255) not null, `code` varchar(255) not null, `description` varchar(255) null, `created_at` datetime null default CURRENT_TIMESTAMP, `updated_at` datetime null default CURRENT_TIMESTAMP);
INSERT INTO strapi_role VALUES(1,'Super Admin','strapi-super-admin','Super Admins can access and manage all features and settings.',1630576967659,1630576967659);
INSERT INTO strapi_role VALUES(2,'Editor','strapi-editor','Editors can manage and publish contents including those of other users.',1630576967683,1630576967683);
INSERT INTO strapi_role VALUES(3,'Author','strapi-author','Authors can manage the content they have created.',1630576967690,1630576967690);
CREATE TABLE `strapi_administrator` (`id` integer not null primary key autoincrement, `firstname` varchar(255) null, `lastname` varchar(255) null, `username` varchar(255) null, `email` varchar(255) not null, `password` varchar(255) null, `resetPasswordToken` varchar(255) null, `registrationToken` varchar(255) null, `isActive` boolean null, `blocked` boolean null, `preferedLanguage` varchar(255) null);
INSERT INTO strapi_administrator VALUES(1,'Gwen','Gass',NULL,'madebygass@gmail.com','$2a$10$O6N1oKRYISHU2n043kJICeoFrfsLrqWmsgXsHrJjYjz4OVv2L1.qe',NULL,NULL,1,NULL,NULL);
CREATE TABLE `strapi_users_roles` (`id` integer not null primary key autoincrement, `user_id` integer null, `role_id` integer null);
INSERT INTO strapi_users_roles VALUES(1,1,1);
CREATE TABLE `users-permissions_permission` (`id` integer not null primary key autoincrement, `type` varchar(255) not null, `controller` varchar(255) not null, `action` varchar(255) not null, `enabled` boolean not null, `policy` varchar(255) null, `role` integer null, `created_by` integer null, `updated_by` integer null);
INSERT INTO "users-permissions_permission" VALUES(1,'content-manager','collection-types','bulkdelete',0,'',1,NULL,NULL);
INSERT INTO "users-permissions_permission" VALUES(2,'content-manager','collection-types','bulkdelete',0,'',2,NULL,NULL);
INSERT INTO "users-permissions_permission" VALUES(3,'content-manager','collection-types','create',0,'',1,NULL,NULL);
INSERT INTO "users-permissions_permission" VALUES(4,'content-manager','collection-types','create',0,'',2,NULL,NULL);
INSERT INTO "users-permissions_permission" VALUES(5,'content-manager','collection-types','delete',0,'',1,NULL,NULL);
INSERT INTO "users-permissions_permission" VALUES(6,'content-manager','collection-types','delete',0,'',2,NULL,NULL);
INSERT INTO "users-permissions_permission" VALUES(7,'content-manager','collection-types','find',0,'',1,NULL,NULL);
INSERT INTO "users-permissions_permission" VALUES(8,'content-manager','collection-types','find',0,'',2,NULL,NULL);
INSERT INTO "users-permissions_permission" VALUES(9,'content-manager','collection-types','findone',0,'',1,NULL,NULL);
INSERT INTO "users-permissions_permission" VALUES(10,'content-manager','collection-types','findone',0,'',2,NULL,NULL);
INSERT INTO "users-permissions_permission" VALUES(11,'content-manager','collection-types','previewmanyrelations',0,'',1,NULL,NULL);
INSERT INTO "users-permissions_permission" VALUES(12,'content-manager','collection-types','previewmanyrelations',0,'',2,NULL,NULL);
INSERT INTO "users-permissions_permission" VALUES(13,'content-manager','collection-types','publish',0,'',1,NULL,NULL);
INSERT INTO "users-permissions_permission" VALUES(14,'content-manager','collection-types','publish',0,'',2,NULL,NULL);
INSERT INTO "users-permissions_permission" VALUES(15,'content-manager','collection-types','unpublish',0,'',1,NULL,NULL);
INSERT INTO "users-permissions_permission" VALUES(16,'content-manager','collection-types','unpublish',0,'',2,NULL,NULL);
INSERT INTO "users-permissions_permission" VALUES(17,'content-manager','collection-types','update',0,'',1,NULL,NULL);
INSERT INTO "users-permissions_permission" VALUES(18,'content-manager','collection-types','update',0,'',2,NULL,NULL);
INSERT INTO "users-permissions_permission" VALUES(19,'content-manager','components','findcomponentconfiguration',0,'',1,NULL,NULL);
INSERT INTO "users-permissions_permission" VALUES(20,'content-manager','components','findcomponentconfiguration',0,'',2,NULL,NULL);
INSERT INTO "users-permissions_permission" VALUES(21,'content-manager','components','findcomponents',0,'',1,NULL,NULL);
INSERT INTO "users-permissions_permission" VALUES(22,'content-manager','components','findcomponents',0,'',2,NULL,NULL);
INSERT INTO "users-permissions_permission" VALUES(23,'content-manager','components','updatecomponentconfiguration',0,'',1,NULL,NULL);
INSERT INTO "users-permissions_permission" VALUES(24,'content-manager','components','updatecomponentconfiguration',0,'',2,NULL,NULL);
INSERT INTO "users-permissions_permission" VALUES(25,'content-manager','content-types','findcontenttypeconfiguration',0,'',1,NULL,NULL);
INSERT INTO "users-permissions_permission" VALUES(26,'content-manager','content-types','findcontenttypeconfiguration',0,'',2,NULL,NULL);
INSERT INTO "users-permissions_permission" VALUES(27,'content-manager','content-types','findcontenttypes',0,'',1,NULL,NULL);
INSERT INTO "users-permissions_permission" VALUES(28,'content-manager','content-types','findcontenttypes',0,'',2,NULL,NULL);
INSERT INTO "users-permissions_permission" VALUES(29,'content-manager','content-types','findcontenttypessettings',0,'',1,NULL,NULL);
INSERT INTO "users-permissions_permission" VALUES(30,'content-manager','content-types','findcontenttypessettings',0,'',2,NULL,NULL);
INSERT INTO "users-permissions_permission" VALUES(31,'content-manager','content-types','updatecontenttypeconfiguration',0,'',1,NULL,NULL);
INSERT INTO "users-permissions_permission" VALUES(32,'content-manager','content-types','updatecontenttypeconfiguration',0,'',2,NULL,NULL);
INSERT INTO "users-permissions_permission" VALUES(33,'content-manager','relations','find',0,'',1,NULL,NULL);
INSERT INTO "users-permissions_permission" VALUES(34,'content-manager','relations','find',0,'',2,NULL,NULL);
INSERT INTO "users-permissions_permission" VALUES(35,'content-manager','single-types','createorupdate',0,'',1,NULL,NULL);
INSERT INTO "users-permissions_permission" VALUES(36,'content-manager','single-types','createorupdate',0,'',2,NULL,NULL);
INSERT INTO "users-permissions_permission" VALUES(37,'content-manager','single-types','delete',0,'',1,NULL,NULL);
INSERT INTO "users-permissions_permission" VALUES(38,'content-manager','single-types','delete',0,'',2,NULL,NULL);
INSERT INTO "users-permissions_permission" VALUES(39,'content-manager','single-types','find',0,'',1,NULL,NULL);
INSERT INTO "users-permissions_permission" VALUES(40,'content-manager','single-types','find',0,'',2,NULL,NULL);
INSERT INTO "users-permissions_permission" VALUES(41,'content-manager','single-types','publish',0,'',1,NULL,NULL);
INSERT INTO "users-permissions_permission" VALUES(42,'content-manager','single-types','publish',0,'',2,NULL,NULL);
INSERT INTO "users-permissions_permission" VALUES(43,'content-manager','single-types','unpublish',0,'',1,NULL,NULL);
INSERT INTO "users-permissions_permission" VALUES(44,'content-manager','single-types','unpublish',0,'',2,NULL,NULL);
INSERT INTO "users-permissions_permission" VALUES(45,'content-manager','uid','checkuidavailability',0,'',1,NULL,NULL);
INSERT INTO "users-permissions_permission" VALUES(46,'content-manager','uid','checkuidavailability',0,'',2,NULL,NULL);
INSERT INTO "users-permissions_permission" VALUES(47,'content-manager','uid','generateuid',0,'',1,NULL,NULL);
INSERT INTO "users-permissions_permission" VALUES(48,'content-manager','uid','generateuid',0,'',2,NULL,NULL);
INSERT INTO "users-permissions_permission" VALUES(49,'content-type-builder','builder','getreservednames',0,'',1,NULL,NULL);
INSERT INTO "users-permissions_permission" VALUES(50,'content-type-builder','builder','getreservednames',0,'',2,NULL,NULL);
INSERT INTO "users-permissions_permission" VALUES(51,'content-type-builder','componentcategories','deletecategory',0,'',1,NULL,NULL);
INSERT INTO "users-permissions_permission" VALUES(52,'content-type-builder','componentcategories','deletecategory',0,'',2,NULL,NULL);
INSERT INTO "users-permissions_permission" VALUES(53,'content-type-builder','componentcategories','editcategory',0,'',1,NULL,NULL);
INSERT INTO "users-permissions_permission" VALUES(54,'content-type-builder','componentcategories','editcategory',0,'',2,NULL,NULL);
INSERT INTO "users-permissions_permission" VALUES(55,'content-type-builder','components','createcomponent',0,'',1,NULL,NULL);
INSERT INTO "users-permissions_permission" VALUES(56,'content-type-builder','components','createcomponent',0,'',2,NULL,NULL);
INSERT INTO "users-permissions_permission" VALUES(57,'content-type-builder','components','deletecomponent',0,'',1,NULL,NULL);
INSERT INTO "users-permissions_permission" VALUES(58,'content-type-builder','components','deletecomponent',0,'',2,NULL,NULL);
INSERT INTO "users-permissions_permission" VALUES(59,'content-type-builder','components','getcomponent',0,'',1,NULL,NULL);
INSERT INTO "users-permissions_permission" VALUES(60,'content-type-builder','components','getcomponent',0,'',2,NULL,NULL);
INSERT INTO "users-permissions_permission" VALUES(61,'content-type-builder','components','getcomponents',0,'',1,NULL,NULL);
INSERT INTO "users-permissions_permission" VALUES(62,'content-type-builder','components','getcomponents',0,'',2,NULL,NULL);
INSERT INTO "users-permissions_permission" VALUES(63,'content-type-builder','components','updatecomponent',0,'',1,NULL,NULL);
INSERT INTO "users-permissions_permission" VALUES(64,'content-type-builder','components','updatecomponent',0,'',2,NULL,NULL);
INSERT INTO "users-permissions_permission" VALUES(65,'content-type-builder','connections','getconnections',0,'',1,NULL,NULL);
INSERT INTO "users-permissions_permission" VALUES(66,'content-type-builder','connections','getconnections',0,'',2,NULL,NULL);
INSERT INTO "users-permissions_permission" VALUES(67,'content-type-builder','contenttypes','createcontenttype',0,'',1,NULL,NULL);
INSERT INTO "users-permissions_permission" VALUES(68,'content-type-builder','contenttypes','createcontenttype',0,'',2,NULL,NULL);
INSERT INTO "users-permissions_permission" VALUES(69,'content-type-builder','contenttypes','deletecontenttype',0,'',1,NULL,NULL);
INSERT INTO "users-permissions_permission" VALUES(70,'content-type-builder','contenttypes','deletecontenttype',0,'',2,NULL,NULL);
INSERT INTO "users-permissions_permission" VALUES(71,'content-type-builder','contenttypes','getcontenttype',0,'',1,NULL,NULL);
INSERT INTO "users-permissions_permission" VALUES(72,'content-type-builder','contenttypes','getcontenttype',0,'',2,NULL,NULL);
INSERT INTO "users-permissions_permission" VALUES(73,'content-type-builder','contenttypes','getcontenttypes',0,'',1,NULL,NULL);
INSERT INTO "users-permissions_permission" VALUES(74,'content-type-builder','contenttypes','getcontenttypes',0,'',2,NULL,NULL);
INSERT INTO "users-permissions_permission" VALUES(75,'content-type-builder','contenttypes','updatecontenttype',0,'',1,NULL,NULL);
INSERT INTO "users-permissions_permission" VALUES(76,'content-type-builder','contenttypes','updatecontenttype',0,'',2,NULL,NULL);
INSERT INTO "users-permissions_permission" VALUES(77,'email','email','getsettings',0,'',1,NULL,NULL);
INSERT INTO "users-permissions_permission" VALUES(78,'email','email','getsettings',0,'',2,NULL,NULL);
INSERT INTO "users-permissions_permission" VALUES(79,'email','email','send',0,'',1,NULL,NULL);
INSERT INTO "users-permissions_permission" VALUES(80,'email','email','send',0,'',2,NULL,NULL);
INSERT INTO "users-permissions_permission" VALUES(81,'email','email','test',0,'',1,NULL,NULL);
INSERT INTO "users-permissions_permission" VALUES(82,'email','email','test',0,'',2,NULL,NULL);
INSERT INTO "users-permissions_permission" VALUES(83,'i18n','content-types','getnonlocalizedattributes',0,'',1,NULL,NULL);
INSERT INTO "users-permissions_permission" VALUES(84,'i18n','content-types','getnonlocalizedattributes',0,'',2,NULL,NULL);
INSERT INTO "users-permissions_permission" VALUES(85,'i18n','iso-locales','listisolocales',0,'',1,NULL,NULL);
INSERT INTO "users-permissions_permission" VALUES(86,'i18n','iso-locales','listisolocales',0,'',2,NULL,NULL);
INSERT INTO "users-permissions_permission" VALUES(87,'i18n','locales','createlocale',0,'',1,NULL,NULL);
INSERT INTO "users-permissions_permission" VALUES(88,'i18n','locales','createlocale',0,'',2,NULL,NULL);
INSERT INTO "users-permissions_permission" VALUES(89,'i18n','locales','deletelocale',0,'',1,NULL,NULL);
INSERT INTO "users-permissions_permission" VALUES(90,'i18n','locales','deletelocale',0,'',2,NULL,NULL);
INSERT INTO "users-permissions_permission" VALUES(91,'i18n','locales','listlocales',0,'',1,NULL,NULL);
INSERT INTO "users-permissions_permission" VALUES(92,'i18n','locales','listlocales',0,'',2,NULL,NULL);
INSERT INTO "users-permissions_permission" VALUES(93,'i18n','locales','updatelocale',0,'',1,NULL,NULL);
INSERT INTO "users-permissions_permission" VALUES(94,'i18n','locales','updatelocale',0,'',2,NULL,NULL);
INSERT INTO "users-permissions_permission" VALUES(95,'upload','upload','count',0,'',1,NULL,NULL);
INSERT INTO "users-permissions_permission" VALUES(96,'upload','upload','count',0,'',2,NULL,NULL);
INSERT INTO "users-permissions_permission" VALUES(97,'upload','upload','destroy',0,'',1,NULL,NULL);
INSERT INTO "users-permissions_permission" VALUES(98,'upload','upload','destroy',0,'',2,NULL,NULL);
INSERT INTO "users-permissions_permission" VALUES(99,'upload','upload','find',0,'',1,NULL,NULL);
INSERT INTO "users-permissions_permission" VALUES(100,'upload','upload','find',0,'',2,NULL,NULL);
INSERT INTO "users-permissions_permission" VALUES(101,'upload','upload','findone',0,'',1,NULL,NULL);
INSERT INTO "users-permissions_permission" VALUES(102,'upload','upload','findone',0,'',2,NULL,NULL);
INSERT INTO "users-permissions_permission" VALUES(103,'upload','upload','getsettings',0,'',1,NULL,NULL);
INSERT INTO "users-permissions_permission" VALUES(104,'upload','upload','getsettings',0,'',2,NULL,NULL);
INSERT INTO "users-permissions_permission" VALUES(105,'upload','upload','search',0,'',1,NULL,NULL);
INSERT INTO "users-permissions_permission" VALUES(106,'upload','upload','search',0,'',2,NULL,NULL);
INSERT INTO "users-permissions_permission" VALUES(107,'upload','upload','updatesettings',0,'',1,NULL,NULL);
INSERT INTO "users-permissions_permission" VALUES(108,'upload','upload','updatesettings',0,'',2,NULL,NULL);
INSERT INTO "users-permissions_permission" VALUES(109,'upload','upload','upload',0,'',1,NULL,NULL);
INSERT INTO "users-permissions_permission" VALUES(110,'upload','upload','upload',0,'',2,NULL,NULL);
INSERT INTO "users-permissions_permission" VALUES(111,'users-permissions','auth','callback',0,'',1,NULL,NULL);
INSERT INTO "users-permissions_permission" VALUES(112,'users-permissions','auth','callback',1,'',2,NULL,NULL);
INSERT INTO "users-permissions_permission" VALUES(113,'users-permissions','auth','connect',1,'',1,NULL,NULL);
INSERT INTO "users-permissions_permission" VALUES(114,'users-permissions','auth','connect',1,'',2,NULL,NULL);
INSERT INTO "users-permissions_permission" VALUES(115,'users-permissions','auth','emailconfirmation',0,'',1,NULL,NULL);
INSERT INTO "users-permissions_permission" VALUES(116,'users-permissions','auth','emailconfirmation',1,'',2,NULL,NULL);
INSERT INTO "users-permissions_permission" VALUES(117,'users-permissions','auth','forgotpassword',0,'',1,NULL,NULL);
INSERT INTO "users-permissions_permission" VALUES(118,'users-permissions','auth','forgotpassword',1,'',2,NULL,NULL);
INSERT INTO "users-permissions_permission" VALUES(119,'users-permissions','auth','register',0,'',1,NULL,NULL);
INSERT INTO "users-permissions_permission" VALUES(120,'users-permissions','auth','register',1,'',2,NULL,NULL);
INSERT INTO "users-permissions_permission" VALUES(121,'users-permissions','auth','resetpassword',0,'',1,NULL,NULL);
INSERT INTO "users-permissions_permission" VALUES(122,'users-permissions','auth','resetpassword',1,'',2,NULL,NULL);
INSERT INTO "users-permissions_permission" VALUES(123,'users-permissions','auth','sendemailconfirmation',0,'',1,NULL,NULL);
INSERT INTO "users-permissions_permission" VALUES(124,'users-permissions','auth','sendemailconfirmation',0,'',2,NULL,NULL);
INSERT INTO "users-permissions_permission" VALUES(125,'users-permissions','user','count',0,'',1,NULL,NULL);
INSERT INTO "users-permissions_permission" VALUES(126,'users-permissions','user','count',0,'',2,NULL,NULL);
INSERT INTO "users-permissions_permission" VALUES(127,'users-permissions','user','create',0,'',1,NULL,NULL);
INSERT INTO "users-permissions_permission" VALUES(128,'users-permissions','user','create',0,'',2,NULL,NULL);
INSERT INTO "users-permissions_permission" VALUES(129,'users-permissions','user','destroy',0,'',1,NULL,NULL);
INSERT INTO "users-permissions_permission" VALUES(130,'users-permissions','user','destroy',0,'',2,NULL,NULL);
INSERT INTO "users-permissions_permission" VALUES(131,'users-permissions','user','destroyall',0,'',1,NULL,NULL);
INSERT INTO "users-permissions_permission" VALUES(132,'users-permissions','user','destroyall',0,'',2,NULL,NULL);
INSERT INTO "users-permissions_permission" VALUES(133,'users-permissions','user','find',0,'',1,NULL,NULL);
INSERT INTO "users-permissions_permission" VALUES(134,'users-permissions','user','find',0,'',2,NULL,NULL);
INSERT INTO "users-permissions_permission" VALUES(135,'users-permissions','user','findone',0,'',1,NULL,NULL);
INSERT INTO "users-permissions_permission" VALUES(136,'users-permissions','user','findone',0,'',2,NULL,NULL);
INSERT INTO "users-permissions_permission" VALUES(137,'users-permissions','user','me',1,'',1,NULL,NULL);
INSERT INTO "users-permissions_permission" VALUES(138,'users-permissions','user','me',1,'',2,NULL,NULL);
INSERT INTO "users-permissions_permission" VALUES(139,'users-permissions','user','update',0,'',1,NULL,NULL);
INSERT INTO "users-permissions_permission" VALUES(140,'users-permissions','user','update',0,'',2,NULL,NULL);
INSERT INTO "users-permissions_permission" VALUES(141,'users-permissions','userspermissions','createrole',0,'',1,NULL,NULL);
INSERT INTO "users-permissions_permission" VALUES(142,'users-permissions','userspermissions','createrole',0,'',2,NULL,NULL);
INSERT INTO "users-permissions_permission" VALUES(143,'users-permissions','userspermissions','deleterole',0,'',1,NULL,NULL);
INSERT INTO "users-permissions_permission" VALUES(144,'users-permissions','userspermissions','deleterole',0,'',2,NULL,NULL);
INSERT INTO "users-permissions_permission" VALUES(145,'users-permissions','userspermissions','getadvancedsettings',0,'',1,NULL,NULL);
INSERT INTO "users-permissions_permission" VALUES(146,'users-permissions','userspermissions','getadvancedsettings',0,'',2,NULL,NULL);
INSERT INTO "users-permissions_permission" VALUES(147,'users-permissions','userspermissions','getemailtemplate',0,'',1,NULL,NULL);
INSERT INTO "users-permissions_permission" VALUES(148,'users-permissions','userspermissions','getemailtemplate',0,'',2,NULL,NULL);
INSERT INTO "users-permissions_permission" VALUES(149,'users-permissions','userspermissions','getpermissions',0,'',1,NULL,NULL);
INSERT INTO "users-permissions_permission" VALUES(150,'users-permissions','userspermissions','getpermissions',0,'',2,NULL,NULL);
INSERT INTO "users-permissions_permission" VALUES(151,'users-permissions','userspermissions','getpolicies',0,'',1,NULL,NULL);
INSERT INTO "users-permissions_permission" VALUES(152,'users-permissions','userspermissions','getpolicies',0,'',2,NULL,NULL);
INSERT INTO "users-permissions_permission" VALUES(153,'users-permissions','userspermissions','getproviders',0,'',1,NULL,NULL);
INSERT INTO "users-permissions_permission" VALUES(154,'users-permissions','userspermissions','getproviders',0,'',2,NULL,NULL);
INSERT INTO "users-permissions_permission" VALUES(155,'users-permissions','userspermissions','getrole',0,'',1,NULL,NULL);
INSERT INTO "users-permissions_permission" VALUES(156,'users-permissions','userspermissions','getrole',0,'',2,NULL,NULL);
INSERT INTO "users-permissions_permission" VALUES(157,'users-permissions','userspermissions','getroles',0,'',1,NULL,NULL);
INSERT INTO "users-permissions_permission" VALUES(158,'users-permissions','userspermissions','getroles',0,'',2,NULL,NULL);
INSERT INTO "users-permissions_permission" VALUES(159,'users-permissions','userspermissions','getroutes',0,'',1,NULL,NULL);
INSERT INTO "users-permissions_permission" VALUES(160,'users-permissions','userspermissions','getroutes',0,'',2,NULL,NULL);
INSERT INTO "users-permissions_permission" VALUES(161,'users-permissions','userspermissions','index',0,'',1,NULL,NULL);
INSERT INTO "users-permissions_permission" VALUES(162,'users-permissions','userspermissions','index',0,'',2,NULL,NULL);
INSERT INTO "users-permissions_permission" VALUES(163,'users-permissions','userspermissions','searchusers',0,'',1,NULL,NULL);
INSERT INTO "users-permissions_permission" VALUES(164,'users-permissions','userspermissions','searchusers',0,'',2,NULL,NULL);
INSERT INTO "users-permissions_permission" VALUES(165,'users-permissions','userspermissions','updateadvancedsettings',0,'',1,NULL,NULL);
INSERT INTO "users-permissions_permission" VALUES(166,'users-permissions','userspermissions','updateadvancedsettings',0,'',2,NULL,NULL);
INSERT INTO "users-permissions_permission" VALUES(167,'users-permissions','userspermissions','updateemailtemplate',0,'',1,NULL,NULL);
INSERT INTO "users-permissions_permission" VALUES(168,'users-permissions','userspermissions','updateemailtemplate',0,'',2,NULL,NULL);
INSERT INTO "users-permissions_permission" VALUES(169,'users-permissions','userspermissions','updateproviders',0,'',1,NULL,NULL);
INSERT INTO "users-permissions_permission" VALUES(170,'users-permissions','userspermissions','updateproviders',0,'',2,NULL,NULL);
INSERT INTO "users-permissions_permission" VALUES(171,'users-permissions','userspermissions','updaterole',0,'',1,NULL,NULL);
INSERT INTO "users-permissions_permission" VALUES(172,'users-permissions','userspermissions','updaterole',0,'',2,NULL,NULL);
INSERT INTO "users-permissions_permission" VALUES(173,'application','notes','count',0,'',1,NULL,NULL);
INSERT INTO "users-permissions_permission" VALUES(174,'application','notes','count',0,'',2,NULL,NULL);
INSERT INTO "users-permissions_permission" VALUES(175,'application','notes','create',0,'',1,NULL,NULL);
INSERT INTO "users-permissions_permission" VALUES(176,'application','notes','create',1,'',2,NULL,NULL);
INSERT INTO "users-permissions_permission" VALUES(177,'application','notes','delete',0,'',1,NULL,NULL);
INSERT INTO "users-permissions_permission" VALUES(178,'application','notes','delete',1,'',2,NULL,NULL);
INSERT INTO "users-permissions_permission" VALUES(179,'application','notes','find',0,'',1,NULL,NULL);
INSERT INTO "users-permissions_permission" VALUES(180,'application','notes','find',0,'',2,NULL,NULL);
INSERT INTO "users-permissions_permission" VALUES(181,'application','notes','findone',0,'',1,NULL,NULL);
INSERT INTO "users-permissions_permission" VALUES(182,'application','notes','findone',0,'',2,NULL,NULL);
INSERT INTO "users-permissions_permission" VALUES(183,'application','notes','update',0,'',1,NULL,NULL);
INSERT INTO "users-permissions_permission" VALUES(184,'application','notes','update',1,'',2,NULL,NULL);
CREATE TABLE `users-permissions_role` (`id` integer not null primary key autoincrement, `name` varchar(255) not null, `description` varchar(255) null, `type` varchar(255) null, `created_by` integer null, `updated_by` integer null);
INSERT INTO "users-permissions_role" VALUES(1,'Authenticated','Default role given to authenticated user.','authenticated',NULL,NULL);
INSERT INTO "users-permissions_role" VALUES(2,'Public','Default role given to unauthenticated user.','public',NULL,NULL);
CREATE TABLE `users-permissions_user` (`id` integer not null primary key autoincrement, `username` varchar(255) not null, `email` varchar(255) not null, `provider` varchar(255) null, `password` varchar(255) null, `resetPasswordToken` varchar(255) null, `confirmationToken` varchar(255) null, `confirmed` boolean null, `blocked` boolean null, `role` integer null, `created_by` integer null, `updated_by` integer null, `created_at` datetime null default CURRENT_TIMESTAMP, `updated_at` datetime null default CURRENT_TIMESTAMP);
CREATE TABLE `upload_file` (`id` integer not null primary key autoincrement, `name` varchar(255) not null, `alternativeText` varchar(255) null, `caption` varchar(255) null, `width` integer null, `height` integer null, `formats` text null, `hash` varchar(255) not null, `ext` varchar(255) null, `mime` varchar(255) not null, `size` float not null, `url` varchar(255) not null, `previewUrl` varchar(255) null, `provider` varchar(255) not null, `provider_metadata` text null, `created_by` integer null, `updated_by` integer null, `created_at` datetime null default CURRENT_TIMESTAMP, `updated_at` datetime null default CURRENT_TIMESTAMP);
CREATE TABLE `upload_file_morph` (`id` integer not null primary key autoincrement, `upload_file_id` integer null, `related_id` integer null, `related_type` text null, `field` text null, `order` integer null);
CREATE TABLE `i18n_locales` (`id` integer not null primary key autoincrement, `name` varchar(255) null, `code` varchar(255) null, `created_by` integer null, `updated_by` integer null, `created_at` datetime null default CURRENT_TIMESTAMP, `updated_at` datetime null default CURRENT_TIMESTAMP);
INSERT INTO i18n_locales VALUES(1,'English (en)','en',NULL,NULL,1630576966267,1630576966267);
CREATE TABLE `notes` (`id` integer not null primary key autoincrement, `Title` varchar(255), `Content` varchar(255), `Date` time null, `published_at` datetime null, `created_by` integer null, `updated_by` integer null, `created_at` datetime null default CURRENT_TIMESTAMP, `updated_at` datetime null default CURRENT_TIMESTAMP);
DELETE FROM sqlite_sequence;
INSERT INTO sqlite_sequence VALUES('core_store',26);
INSERT INTO sqlite_sequence VALUES('i18n_locales',1);
INSERT INTO sqlite_sequence VALUES('users-permissions_role',2);
INSERT INTO sqlite_sequence VALUES('users-permissions_permission',184);
INSERT INTO sqlite_sequence VALUES('strapi_role',3);
INSERT INTO sqlite_sequence VALUES('strapi_permission',171);
INSERT INTO sqlite_sequence VALUES('strapi_administrator',1);
INSERT INTO sqlite_sequence VALUES('strapi_users_roles',1);
CREATE UNIQUE INDEX `strapi_role_name_unique` on `strapi_role` (`name`);
CREATE UNIQUE INDEX `strapi_role_code_unique` on `strapi_role` (`code`);
CREATE UNIQUE INDEX `strapi_administrator_email_unique` on `strapi_administrator` (`email`);
CREATE UNIQUE INDEX `users-permissions_role_type_unique` on `users-permissions_role` (`type`);
CREATE UNIQUE INDEX `users-permissions_user_username_unique` on `users-permissions_user` (`username`);
CREATE UNIQUE INDEX `i18n_locales_code_unique` on `i18n_locales` (`code`);
COMMIT;
